{
  "2D": 1228.62248039246,
  "Editor": 3938.63330173492,
  "External": 51.2560696601868,
  "Game": 136.113883018494,
  "Script": 2522.64086866379
}