{
  "2D": 1157.62099719048,
  "Editor": 3842.62610173225,
  "External": 51.2560696601868,
  "Game": 111.108166217804,
  "Script": 2522.64086866379
}